{
  "values": {
    "b3": {
      "Float": 6.95
    },
    "b2": {
      "Float": 0.55799997
    },
    "b4": {
      "Float": 0.92499995
    },
    "b1": {
      "Float": 0.0
    }
  }
}