{
  "values": {
    "b1": {
      "Float": 0.86499995
    },
    "b2": {
      "Float": 0.73499995
    }
  }
}