{
  "values": {
    "c2": {
      "Float": 0.83699995
    },
    "c3": {
      "Float": 0.35999998
    },
    "d1": {
      "Float": 0.02
    },
    "c4": {
      "Float": 0.062
    },
    "b4": {
      "Float": 0.75699997
    },
    "a3": {
      "Float": 0.675
    },
    "a1": {
      "Float": 0.49199998
    },
    "d2": {
      "Float": 0.22199999
    },
    "d4": {
      "Float": 0.638
    },
    "b1": {
      "Float": 0.295
    },
    "a4": {
      "Float": 0.75299996
    },
    "a2": {
      "Float": 0.0
    },
    "b2": {
      "Float": 0.16
    },
    "c1": {
      "Float": 0.29999998
    },
    "d3": {
      "Float": 0.715
    },
    "b3": {
      "Float": 0.111999996
    }
  }
}