{
  "values": {
    "c2": {
      "Float": 0.82
    },
    "c4": {
      "Float": 0.035
    },
    "b1": {
      "Float": 0.378
    },
    "b4": {
      "Float": 0.662
    },
    "a4": {
      "Float": 0.815
    },
    "c1": {
      "Float": 0.22999999
    },
    "a2": {
      "Float": 0.0
    },
    "b3": {
      "Float": 0.525
    },
    "c3": {
      "Float": 0.755
    },
    "d1": {
      "Float": 0.01
    },
    "b2": {
      "Float": 0.125
    },
    "d3": {
      "Float": 0.615
    },
    "a3": {
      "Float": 0.47
    },
    "a1": {
      "Float": 0.051999997
    },
    "d4": {
      "Float": 0.387
    },
    "d2": {
      "Float": 0.92499995
    }
  }
}